{
  "mse": 0.8991986626039459,
  "r2": 0.15885739255925857
}